﻿<?xml version="1.0" encoding="utf-8"?>
<Prerequisites>
    <ComponentTitles>
        <ComponentTitle Id="CONSOLE">Service Manager Console</ComponentTitle>
        <ComponentTitle Id="SERVER">Service Manager Management Server</ComponentTitle>
        <ComponentTitle Id="DATAWAREHOUSE">Data Warehouse</ComponentTitle>
        <ComponentTitle Id="PORTAL">Service Manager Self-Service Portal</ComponentTitle>
        <ComponentTitle Id="SELFSERVICEPORTAL">Service Manager Self Service Portal</ComponentTitle>
        <ComponentTitle Id="PORTALSHAREPOINTSITE">Service Manager Portal SharePoint Site</ComponentTitle>
    </ComponentTitles>

    <Check Order="01">
        <Id>6C213FEF-2ACA-4f82-852F-67D29ECAA019</Id>
        <Components>
            <Component>SERVER</Component>
            <Component>PORTAL</Component>
            <Component>SELFSERVICEPORTAL</Component>
            <Component>PORTALSHAREPOINTSITE</Component>
            <Component>DATAWAREHOUSE</Component>
        </Components>
        <Title>Memory check</Title>
        <PassedDescription>Requires at least 8 GB of memory</PassedDescription>
        <FailedDescription>There is not enough memory in this computer&#xA;</FailedDescription>
        <Resolution>To ensure good performance, install more memory in this computer.</Resolution>
        <LogicDelegates>
            <LogicDelegate LogicType="and" 
                           DelegateId="MemoryCheck-8gbWarn" 
                           DelegateNameSpace="Microsoft.SystemCenter.Essentials.SetupFramework.BuiltInDelegates,Microsoft.SystemCenter.Essentials.SetupFramework" 
                           DelegateName="SystemMemoryCheck"
                           FormatString="The suggested memory requirement is {0} MB. This computer has only {1} MB.">8190,1</LogicDelegate>
        </LogicDelegates>
    </Check>
        
  <Check Order="13">
    <Id>7DC1DE28-FCE2-4DD5-AB5F-FCCF775A7E0A</Id>
    <Components>
      <Component>SERVER</Component>
      <Component>DATAWAREHOUSE</Component>
      <Component>CONSOLE</Component>
    </Components>
    <Title>Microsoft SQL Server 2014 Analysis Management Objects</Title>
    <PassedDescription>Microsoft SQL Server 2014 Analysis Management Objects is installed</PassedDescription>
    <FailedDescription>Microsoft SQL Server 2014 Analysis Management Objects is not installed</FailedDescription>
    <Resolution>Download and install Microsoft SQL Server 2014 Analysis Management Objects from {Hyperlink NavigateUri='http://go.microsoft.com/fwlink/?LinkId=472539'}here{/Hyperlink} for Microsoft SQL Server.</Resolution>
    <LogicDelegates>
      <LogicDelegate LogicType="and"
                     DelegateId="AMO-err"
                     DelegateNameSpace="Microsoft.SystemCenter.Essentials.SetupFramework.BuiltInDelegates,Microsoft.SystemCenter.Essentials.SetupFramework"
                     DelegateName="RequiredAMO" />
    </LogicDelegates>
  </Check>
  <Check Order="21">
		<Id>F73EB147-5BF2-4c22-BE93-EDDF3AEC4791</Id>
		<Components>
			<Component>CONSOLE</Component>
		</Components>
		<Title>Memory check</Title>
		<PassedDescription>Requires at least 2 GB of memory</PassedDescription>
		<FailedDescription>There is not enough memory in this computer&#xA;</FailedDescription>
		<Resolution>To ensure good performance, install more memory in this computer.</Resolution>
		<LogicDelegates>
			<LogicDelegate LogicType="and"
                           DelegateId="MemoryCheck-2gbWarn"
                           DelegateNameSpace="Microsoft.SystemCenter.Essentials.SetupFramework.BuiltInDelegates,Microsoft.SystemCenter.Essentials.SetupFramework"
                           DelegateName="SystemMemoryCheck"
                           FormatString="The suggested memory requirement is {0} MB. This computer has only {1} MB.">2048,1</LogicDelegate>
        </LogicDelegates>
    </Check>
    
    <Check Order="02">
        <Id>C332626B-61D9-45c9-977F-DAD7693EC13D</Id>
        <Components>
            <Component>SERVER</Component>
            <Component>PORTAL</Component>
            <Component>SELFSERVICEPORTAL</Component>
            <Component>PORTALSHAREPOINTSITE</Component>
        </Components>
        <Title>Processor speed check</Title>
        <PassedDescription>The CPU processor check passed</PassedDescription>
        <FailedDescription>The CPU processor does not meet the recommended specifications&#xA;</FailedDescription>
        <Resolution>To ensure good performance, install this component on the recommended hardware.</Resolution>
        <LogicDelegates>
            <LogicDelegate LogicType="and" 
                           DelegateId="ProcessorSpeedCheck2.5MHz-Warn" 
                           DelegateNameSpace="Microsoft.SystemCenter.Essentials.SetupFramework.BuiltInDelegates,Microsoft.SystemCenter.Essentials.SetupFramework" 
                           DelegateName="RegistryCheckDelegate"
                           FormatString="The minimum processor speed recommended is {0} MHz. This computer's processor speed is {1} MHz.&#xA;">
                <![CDATA[<RegistryKeyData Key='HKEY_LOCAL_MACHINE\HARDWARE\DESCRIPTION\SYSTEM\CentralProcessor\0' Name='~MHz' KeyType='dword' Value='2500' ComparisonType="greaterthanorEqual" FailedReturn="1" />]]>
            </LogicDelegate>
            <LogicDelegate LogicType="and"
                           DelegateId="ProcessorCoreCheck2Core-Warn"
                           DelegateNameSpace="Microsoft.SystemCenter.Essentials.SetupFramework.BuiltInDelegates,Microsoft.SystemCenter.Essentials.SetupFramework"
                           DelegateName="ProcessorCheck"
                           FormatString="The minimum number of processor cores recommended is {0}. This computer's processor has only {1}.&#xA;">2,1</LogicDelegate>
        </LogicDelegates>
    </Check>
    
    <Check Order="12">
        <Id>51BF8243-11CD-4e93-A4FC-184AE2360BF9</Id>
        <Components>
            <Component>DATAWAREHOUSE</Component>
        </Components>
        <Title>Processor speed check</Title>
        <PassedDescription>The CPU processor check passed</PassedDescription>
        <FailedDescription>The CPU processor does not meet the recommended specifications&#xA;</FailedDescription>
        <Resolution>To ensure good performance, install this component on the recommended hardware.</Resolution>
        <LogicDelegates>
            <LogicDelegate LogicType="and"
                           DelegateId="DWProcessorSpeedCheck2.5MHz-Warn"
                           DelegateNameSpace="Microsoft.SystemCenter.Essentials.SetupFramework.BuiltInDelegates,Microsoft.SystemCenter.Essentials.SetupFramework"
                           DelegateName="RegistryCheckDelegate"
                           FormatString="The minimum processor speed recommended is {0} MHz. This computer's processor speed is {1} MHz.&#xA;">
                <![CDATA[<RegistryKeyData Key='HKEY_LOCAL_MACHINE\HARDWARE\DESCRIPTION\SYSTEM\CentralProcessor\0' Name='~MHz' KeyType='dword' Value='2500' ComparisonType="greaterthanorEqual" FailedReturn="1" />]]>
            </LogicDelegate>
            <LogicDelegate LogicType="and"
                           DelegateId="ProcessorCoreCheck4Core-Warn"
                           DelegateNameSpace="Microsoft.SystemCenter.Essentials.SetupFramework.BuiltInDelegates,Microsoft.SystemCenter.Essentials.SetupFramework"
                           DelegateName="ProcessorCheck"
                           FormatString="The minimum number of processor cores recommended is {0}. This computer's processor has only {1}.">4,1</LogicDelegate>
        </LogicDelegates>
    </Check>
    
    <Check Order="22">
        <Id>27D45D45-91BA-40e6-BEBE-3EDB6F4097C8</Id>
        <Components>
            <Component>CONSOLE</Component>
        </Components>
        <Title>Processor speed check</Title>
        <PassedDescription>The CPU processor check passed</PassedDescription>
        <FailedDescription>The CPU processor does not meet the recommended specifications&#xA;</FailedDescription>
        <Resolution>To ensure good performance, install this component on the recommended hardware.</Resolution>
        <LogicDelegates>
            <LogicDelegate LogicType="and"
                           DelegateId="ProcessorSpeedCheck2Mhz-Warn"
                           DelegateNameSpace="Microsoft.SystemCenter.Essentials.SetupFramework.BuiltInDelegates,Microsoft.SystemCenter.Essentials.SetupFramework"
                           DelegateName="RegistryCheckDelegate"
                           FormatString="The minimum processor speed recommended is {0} MHz. This computer's processor speed is {1} MHz.&#xA;">
                <![CDATA[<RegistryKeyData Key='HKEY_LOCAL_MACHINE\HARDWARE\DESCRIPTION\SYSTEM\CentralProcessor\0' Name='~MHz' KeyType='dword' Value='2000' ComparisonType="greaterthanorEqual" FailedReturn="1" />]]>
            </LogicDelegate>
            <LogicDelegate LogicType="and"
                           DelegateId="ProcessorCoreCheck1Core-Warn"
                           DelegateNameSpace="Microsoft.SystemCenter.Essentials.SetupFramework.BuiltInDelegates,Microsoft.SystemCenter.Essentials.SetupFramework"
                           DelegateName="ProcessorCheck"
                           FormatString="The minimum number of processor cores recommended is {0}. This computer's processor has only {1}.&#xA;">1,1</LogicDelegate>
        </LogicDelegates>
    </Check>
    
    <Check Order="33">
        <Id>C2ED562B-3335-4ff1-A7DC-C4F90AA07374</Id>
        <Components>
            <Component>PORTAL</Component>
            <Component>SELFSERVICEPORTAL</Component>
            <Component>PORTALSHAREPOINTSITE</Component>
        </Components>
        <Title>IIS check</Title>
        <PassedDescription>IIS 7.0 is installed</PassedDescription>
        <FailedDescription>IIS 7.0 is not installed</FailedDescription>
        <Resolution>Install IIS 7.0 or higher.</Resolution>
        <LogicDelegates>
            <LogicDelegate LogicType="and" DelegateId="IISVersionCheck-Fail" DelegateNameSpace="Microsoft.SystemCenter.Essentials.SetupFramework.BuiltInDelegates,Microsoft.SystemCenter.Essentials.SetupFramework" DelegateName="RegistryCheckDelegate">
                <![CDATA[<RegistryKeyData Key='HKEY_LOCAL_MACHINE\SYSTEM\CurrentControlSet\Services\W3SVC\Parameters' Name='MajorVersion' KeyType='dword' Value='7' ComparisonType="greaterthanorEqual" FailedReturn="2" />]]>
            </LogicDelegate>
        </LogicDelegates>
    </Check>

    <Check Order="34">
        <Id>5EF81898-13CB-4df2-9176-182D81E3501F</Id>
        <Components>
            <Component>PORTAL</Component>
            <Component>SELFSERVICEPORTAL</Component>
            <Component>PORTALSHAREPOINTSITE</Component>
        </Components>
        <Title>ASP.NET check</Title>
        <PassedDescription>ASP.NET is installed</PassedDescription>
        <FailedDescription>ASP.NET is not installed</FailedDescription>
        <Resolution>Install ASP.NET feature (ASP.NET 4.5 on Windows Server 2012 R2) on IIS server role using Server Manager.</Resolution>
        <LogicDelegates>
            <LogicDelegate LogicType="and"
                         DelegateId="AspNetCheck-Fail"
                         DelegateNameSpace="Microsoft.SystemCenter.Essentials.SetupFramework.BuiltInDelegates,Microsoft.SystemCenter.Essentials.SetupFramework"
                         DelegateName="AspNetCheckDelegate" />
        </LogicDelegates>
    </Check>

    <Check Order="35">
        <Id>15EACD42-08DC-4cbc-AA9D-CC38D7D44D35</Id>
        <Components>
            <Component>PORTAL</Component>
            <Component>SELFSERVICEPORTAL</Component>
            <Component>PORTALSHAREPOINTSITE</Component>
        </Components>
        <Title>Basic Authentication check</Title>
        <PassedDescription>Basic Authentication is enabled</PassedDescription>
        <FailedDescription>Basic Authentication is disabled</FailedDescription>
        <Resolution>Enable Basic Authentication.</Resolution>
        <LogicDelegates>
            <LogicDelegate LogicType="and" DelegateId="BasicAuthenticationCheck-Fail" DelegateNameSpace="Microsoft.SystemCenter.Essentials.SetupFramework.BuiltInDelegates,Microsoft.SystemCenter.Essentials.SetupFramework" DelegateName="RegistryCheckDelegate">
                <![CDATA[<RegistryKeyData Key='HKEY_LOCAL_MACHINE\SOFTWARE\Microsoft\InetStp\Components' Name='BasicAuthentication' KeyType='dword' Value='1' ComparisonType="Equal" FailedReturn="2" />]]>
          </LogicDelegate>
        </LogicDelegates>
    </Check>

    <Check Order="36">
        <Id>F67820A7-F2FC-4e18-B52F-4EB140A5E9B2</Id>
        <Components>
            <Component>PORTAL</Component>
            <Component>SELFSERVICEPORTAL</Component>
            <Component>PORTALSHAREPOINTSITE</Component>
        </Components>
        <Title>Windows Authentication check</Title>
        <PassedDescription>Windows Authentication is enabled</PassedDescription>
        <FailedDescription>Windows Authentication is disabled</FailedDescription>
        <Resolution>Enable Windows Authentication.</Resolution>
        <LogicDelegates>
            <LogicDelegate LogicType="and" DelegateId="WindowsAuthenticationCheck-Fail" DelegateNameSpace="Microsoft.SystemCenter.Essentials.SetupFramework.BuiltInDelegates,Microsoft.SystemCenter.Essentials.SetupFramework" DelegateName="RegistryCheckDelegate">
                <![CDATA[<RegistryKeyData Key='HKEY_LOCAL_MACHINE\SOFTWARE\Microsoft\InetStp\Components' Name='WindowsAuthentication' KeyType='dword' Value='1' ComparisonType="Equal" FailedReturn="2" />]]>
          </LogicDelegate>
        </LogicDelegates>
    </Check>

    <Check Order="37">
        <Id>A307BEB2-BBC2-4C6D-8B4A-C2364669F9E6</Id>
        <Components>
            <Component>PORTAL</Component>
            <Component>SELFSERVICEPORTAL</Component>
        </Components>
        <Title>Microsoft .NET Framework 4 check</Title>
        <PassedDescription>Microsoft .NET Framework 4 is installed</PassedDescription>
        <FailedDescription>Microsoft .NET Framework 4 is not installed</FailedDescription>
        <Resolution>{Hyperlink NavigateUri='http://go.microsoft.com/fwlink/?LinkId=224215'}Install Microsoft .NET Framework 4{/Hyperlink}</Resolution>
        <LogicDelegates>
            <LogicDelegate LogicType="and" DelegateId="DotNET4Check-Fail" DelegateNameSpace="Microsoft.SystemCenter.Essentials.SetupFramework.BuiltInDelegates,Microsoft.SystemCenter.Essentials.SetupFramework" DelegateName="RegistryCheckDelegate">
                <![CDATA[<RegistryKeyData Key='HKEY_LOCAL_MACHINE\SOFTWARE\Microsoft\NET Framework Setup\NDP\v4\Full' Name='Install' KeyType='dword' Value='1' ComparisonType="Equal" FailedReturn="2" />]]>
          </LogicDelegate>
        </LogicDelegates>
    </Check>

    <Check Order="04">
        <Id>A0D13A34-1CEE-4286-BBA5-A975FAA15474</Id>
        <Components>
            <Component>SERVER</Component>
            <Component>DATAWAREHOUSE</Component>
            <Component>PORTAL</Component>
            <Component>SELFSERVICEPORTAL</Component>
            <Component>PORTALSHAREPOINTSITE</Component>
        </Components>
        <Title>Windows version check</Title>
        <PassedDescription>A supported version of Windows is installed</PassedDescription>
        <FailedDescription>A supported version of Windows is not installed</FailedDescription>
        <Resolution>Please switch to a version of Windows that is supported.</Resolution>
        <LogicDelegates>
            <LogicDelegate LogicType="and"
                           DelegateId="WinSrvrVNextCheck-Err"
                           DelegateNameSpace="Microsoft.SystemCenter.Essentials.SetupFramework.BuiltInDelegates,Microsoft.SystemCenter.Essentials.SetupFramework"
                           DelegateName="RequiredOperatingSystem">6.3,65535.65535.65535.65535,Win32NT,ServerNT,2</LogicDelegate>
            <LogicDelegate LogicType="or"
                           DelegateId="WinSrvrVNextDCCheck-Err"
                           DelegateNameSpace="Microsoft.SystemCenter.Essentials.SetupFramework.BuiltInDelegates,Microsoft.SystemCenter.Essentials.SetupFramework"
                           DelegateName="RequiredOperatingSystem">6.3,65535.65535.65535.65535,Win32NT,LanmanNT,2</LogicDelegate>
        </LogicDelegates>
    </Check>
    
    <Check Order="05">
        <Id>9D0AD4C9-A67D-4A8C-BA3A-0998339CE567</Id>
        <Components>
            <Component>SERVER</Component>
            <Component>CONSOLE</Component>
        </Components>
        <Title>Microsoft Report Viewer Redistributable check</Title>
        <PassedDescription>Microsoft Report Viewer Redistributable is installed</PassedDescription>
        <FailedDescription>Microsoft Report Viewer Redistributable is not installed</FailedDescription>
        <Resolution>{Hyperlink NavigateUri='..\Prerequisites\ReportViewer.exe'}Install Microsoft Report Viewer Redistributable{/Hyperlink}</Resolution>
        <LogicDelegates>
            <LogicDelegate LogicType="and"
                           DelegateId="RptVwrCheck-err"
                           DelegateNameSpace="Microsoft.SystemCenter.Essentials.SetupFramework.BuiltInDelegates,Microsoft.SystemCenter.Essentials.SetupFramework"
                           DelegateName="RequiredReportViewer">{CED243AB-C7BA-3D42-9609-14EF5A6FC601},*,2</LogicDelegate>
        </LogicDelegates>
    </Check>

    <Check Order="41">
        <Id>559AD369-2511-42A5-AEB4-41A569D1B723</Id>
        <Components>
            <Component>PORTAL</Component>
            <Component>PORTALSHAREPOINTSITE</Component>
        </Components>
        <Title>SharePoint Server 2013 check</Title>
        <PassedDescription>SharePoint Server 2013 is installed</PassedDescription>
        <FailedDescription>SharePoint Server 2013 is not installed</FailedDescription>
        <Resolution>Download and install SharePoint Server 2013 from {Hyperlink NavigateUri='http://www.microsoft.com/en-us/download/details.aspx?id=30345'}here.{/Hyperlink}</Resolution>
        <LogicDelegates>
            <LogicDelegate LogicType="and"
                           DelegateId="SPFoundation2010-err"
                           DelegateNameSpace="Microsoft.SystemCenter.Essentials.SetupFramework.BuiltInDelegates,Microsoft.SystemCenter.Essentials.SetupFramework"
                           DelegateName="RegistryCheckDelegate">
                <![CDATA[<RegistryKeyData Key='HKEY_LOCAL_MACHINE\SOFTWARE\Microsoft\Windows\CurrentVersion\Uninstall\{90150000-1110-0000-1000-0000000FF1CE}' Name='DisplayVersion' KeyType='version' Value='15.0' ComparisonType="greaterthanorEqual" FailedReturn="2" />]]>
            </LogicDelegate>
            <LogicDelegate LogicType="or"
                           DelegateId="SPServer2010-err"
                           DelegateNameSpace="Microsoft.SystemCenter.Essentials.SetupFramework.BuiltInDelegates,Microsoft.SystemCenter.Essentials.SetupFramework"
                           DelegateName="RegistryCheckDelegate">
                <![CDATA[<RegistryKeyData Key='HKEY_LOCAL_MACHINE\SOFTWARE\Microsoft\Windows\CurrentVersion\Uninstall\{90150000-1110-0000-1000-0000000FF1CE}' Name='DisplayVersion' KeyType='version' Value='15.0' ComparisonType="greaterthanorEqual" FailedReturn="2" />]]>
          </LogicDelegate>
        </LogicDelegates>
    </Check>

    <Check Order="42">
        <Id>96395D96-2B86-49ff-B9F6-5EC2C4B58BC5</Id>
        <Components>
            <Component>PORTAL</Component>
            <Component>PORTALSHAREPOINTSITE</Component>
        </Components>
        <Title>SharePoint Farm Administrator check</Title>
        <PassedDescription>The current user is a SharePoint Farm Administrator</PassedDescription>
        <FailedDescription>The current user is not a SharePoint Farm Administrator</FailedDescription>
        <Resolution>Run setup as a user who has SharePoint Farm Administrator privileges</Resolution>
        <LogicDelegates>
            <LogicDelegate LogicType="and"
                         DelegateId="SharepointFarmAdmin-err"
                         DelegateNameSpace="Microsoft.SystemCenter.Essentials.SetupFramework.BuiltInDelegates,Microsoft.SystemCenter.Essentials.SetupFramework"
                         DelegateName="SharepointFarmAdminCheckDelegate" />
        </LogicDelegates>
    </Check>

    <Check Order="43">
        <Id>856DFA52-01D0-4803-BBA8-64E63DA09165</Id>
        <Components>
            <Component>PORTAL</Component>
            <Component>PORTALSHAREPOINTSITE</Component>
        </Components>
        <Title>SharePoint Server 2013 configuration check</Title>
        <PassedDescription>SharePoint Server 2013 is configured</PassedDescription>
        <FailedDescription>SharePoint Server 2013 is not configured</FailedDescription>
        <Resolution>Complete initial configuration of Sharepoint Server 2013 by running Sharepoint 2013 Products Configuration Wizard, then close and restart the install wizard for the changes to take effect</Resolution>
        <LogicDelegates>
            <LogicDelegate LogicType="and"
                         DelegateId="SharepointConfig-err"
                         DelegateNameSpace="Microsoft.SystemCenter.Essentials.SetupFramework.BuiltInDelegates,Microsoft.SystemCenter.Essentials.SetupFramework"
                         DelegateName="RequiredSharepointConfig" />
        </LogicDelegates>
    </Check>

    <Check Order="44">
        <Id>4A701CFC-6278-462e-BF94-209407BF34AD</Id>
        <Components>
            <Component>SERVER</Component>
            <Component>CONSOLE</Component>
        </Components>
        <Title>ADO.NET Data Services Update check</Title>
        <PassedDescription>ADO.NET Data Services Update for .NET Framework 3.5 SP1 is installed</PassedDescription>
        <FailedDescription>ADO.NET Data Services Update for .NET Framework 3.5 SP1 is not installed</FailedDescription>
        <Resolution>Download and install ADO.NET Data Services Update for .NET Framework 3.5 SP1 from {Hyperlink NavigateUri='http://go.microsoft.com/fwlink/?LinkId=168165'}here{/Hyperlink} for Windows 7, then close and restart the install wizard for the changes to take effect.</Resolution>
        <LogicDelegates>
            <LogicDelegate LogicType="and"
                         DelegateId="ADODotNetDataServicesHotfix-err"
                         DelegateNameSpace="Microsoft.SystemCenter.Essentials.SetupFramework.BuiltInDelegates,Microsoft.SystemCenter.Essentials.SetupFramework"
                         DelegateName="ADODotNetDataServicesHotfixCheckDelegate" />
        </LogicDelegates>
    </Check>

    <Check Order="45">
        <Id>99D8DDBF-8D0A-4CC0-8E97-D96BF777035B</Id>
        <Components>
            <Component>SERVER</Component>
            <Component>DATAWAREHOUSE</Component>
        </Components>
        <Title>Microsoft SQL Server 2012 Native Client check</Title>
        <PassedDescription>Microsoft SQL Server 2012 Native Client is installed</PassedDescription>
        <FailedDescription>Microsoft SQL Server 2012 Native Client is not installed</FailedDescription>
        <Resolution>Download and install Microsoft SQL Server 2012 Native Client from {Hyperlink NavigateUri='http://go.microsoft.com/fwlink/?LinkId=251209'}here{/Hyperlink}.</Resolution>
        <LogicDelegates>
            <LogicDelegate LogicType="and"
                           DelegateId="SQLNCLI11-err"
                           DelegateNameSpace="Microsoft.SystemCenter.Essentials.SetupFramework.BuiltInDelegates,Microsoft.SystemCenter.Essentials.SetupFramework"
                           DelegateName="RegistryCheckDelegate">
                <!--Version for SQL 2012 Native client-->
                <![CDATA[<RegistryKeyData Key='HKEY_LOCAL_MACHINE\SOFTWARE\Microsoft\Microsoft SQL Server\SQLNCLI11\CurrentVersion' Name='Version' KeyType='version' Value='11.0.2100.60' ComparisonType="greaterthanorEqual" FailedReturn="2" />]]>
            </LogicDelegate>
        </LogicDelegates>
    </Check>

    <Check Order="46">
    <Id>C565E024-8B45-4A15-B543-CD60AB8B807B</Id>
    <Components>
      <Component>PORTAL</Component>
      <Component>PORTALSHAREPOINTSITE</Component>
    </Components>
    <Title>Language Pack for SharePoint Server 2013 or SharePoint Foundation 2013 - English check</Title>
    <PassedDescription>Language Pack for SharePoint Server 2013 or SharePoint Foundation 2013 - English is installed</PassedDescription>
    <FailedDescription>Language Pack for SharePoint Server 2013 or SharePoint Foundation 2013 - English is not installed</FailedDescription>
    <Resolution>Download and install Language Packs for SharePoint Foundation 2013 from {Hyperlink NavigateUri='http://www.microsoft.com/en-us/download/details.aspx?id=30345'}here{/Hyperlink}</Resolution>
    <LogicDelegates>
      <LogicDelegate LogicType="and"
                     DelegateId="SPFoundation20101033LangPack-err"
                     DelegateNameSpace="Microsoft.SystemCenter.Essentials.SetupFramework.BuiltInDelegates,Microsoft.SystemCenter.Essentials.SetupFramework"
                     DelegateName="RegistryCheckDelegate">
        <![CDATA[<RegistryKeyData Key='HKEY_LOCAL_MACHINE\SOFTWARE\Microsoft\Windows\CurrentVersion\Uninstall\{90150000-1110-0000-1000-0000000FF1CE}' Name='Language' KeyType='dword' Value='0' ComparisonType="equal" FailedReturn="2" />]]>
      </LogicDelegate>
      <LogicDelegate LogicType="or"
                     DelegateId="LangPackSPFoundation2010EN-err"
                     DelegateNameSpace="Microsoft.SystemCenter.Essentials.SetupFramework.BuiltInDelegates,Microsoft.SystemCenter.Essentials.SetupFramework"
                     DelegateName="RegistryCheckDelegate">
        <![CDATA[<RegistryKeyData Key='HKEY_LOCAL_MACHINE\SOFTWARE\Microsoft\Windows\CurrentVersion\Uninstall\{90150000-1110-0000-1000-0000000FF1CE}' Name='Language' KeyType='dword' Value='0' ComparisonType="equal" FailedReturn="2" />]]>
      </LogicDelegate>
      <LogicDelegate LogicType="or"
                     DelegateId="SPPortalEnLangPack-err"
                     DelegateNameSpace="Microsoft.SystemCenter.Essentials.SetupFramework.BuiltInDelegates,Microsoft.SystemCenter.Essentials.SetupFramework"
                     DelegateName="RegistryCheckDelegate">
        <![CDATA[<RegistryKeyData Key='HKEY_LOCAL_MACHINE\SOFTWARE\Microsoft\Windows\CurrentVersion\Uninstall\{90150000-1110-0000-1000-0000000FF1CE}' Name='Language' KeyType='dword' Value='0' ComparisonType="equal" FailedReturn="2" />]]>
      </LogicDelegate>
    </LogicDelegates>
  </Check>

    <Check Order="47">
    <Id>EE221180-DA4C-426B-9395-4B191313E3F6</Id>
    <Components>
      <Component>SELFSERVICEPORTAL</Component>
      <Component>PORTAL</Component>
    </Components>
    <Title>HTTP Activation check</Title>
    <PassedDescription>WCF Services HTTP is activated</PassedDescription>
    <FailedDescription>WCF Services HTTP is not activated</FailedDescription>
    <Resolution>Install .NET Framework feature (.Net Framework 4.5 Features \ WCF Services \ HTTP Activation on Windows Server 2012 R2) on IIS server role using Server Manager.</Resolution>
    <LogicDelegates>
      <LogicDelegate LogicType="and"
                   DelegateId="HTTPActivationCheck-Fail"
                   DelegateNameSpace="Microsoft.SystemCenter.Essentials.SetupFramework.BuiltInDelegates,Microsoft.SystemCenter.Essentials.SetupFramework"
                   DelegateName="HTTPActivationCheckDelegate" />
    </LogicDelegates>
    </Check>
	
	<Check Order="48">
        <Id>15EACD42-18DC-4cbc-AA9D-CC38D7D44D35</Id>
        <Components>
            <Component>PORTAL</Component>
            <Component>SELFSERVICEPORTAL</Component>
         </Components>
        <Title>Microsoft IIS-feature ASP check</Title>
        <PassedDescription>Microsoft IIS-feature ASP is installed</PassedDescription>
        <FailedDescription>Microsoft IIS-feature ASP is not installed</FailedDescription>
        <Resolution>Install ASP feature on IIS server role using Server Manager.</Resolution>
        <LogicDelegates>
            <LogicDelegate LogicType="and" DelegateId="IIS-ASPCheck-Fail" DelegateNameSpace="Microsoft.SystemCenter.Essentials.SetupFramework.BuiltInDelegates,Microsoft.SystemCenter.Essentials.SetupFramework" DelegateName="RegistryCheckDelegate">
                <![CDATA[<RegistryKeyData Key='HKEY_LOCAL_MACHINE\SOFTWARE\Microsoft\InetStp\Components' Name='ASP' KeyType='dword' Value='1' ComparisonType="Equal" FailedReturn="2" />]]>
          </LogicDelegate>
        </LogicDelegates>
    </Check>

	<Check Order="49">
        <Id>15EACD42-68DC-4cbc-AA9D-CC38D7D44D35</Id>
        <Components>
            <Component>PORTAL</Component>
            <Component>SELFSERVICEPORTAL</Component>
         </Components>
        <Title>Microsoft IIS-feature ASP.NET 4.5 check</Title>
        <PassedDescription>Microsoft IIS-feature ASP .NET 4.5 is installed</PassedDescription>
        <FailedDescription>Microsoft IIS-feature ASP .NET 4.5 is not installed</FailedDescription>
        <Resolution>Install ASP .NET 4.5 feature on IIS server role using Server Manager.</Resolution>
        <LogicDelegates>
            <LogicDelegate LogicType="and" DelegateId="IIS-ASPNET45Check-Fail" DelegateNameSpace="Microsoft.SystemCenter.Essentials.SetupFramework.BuiltInDelegates,Microsoft.SystemCenter.Essentials.SetupFramework" DelegateName="RegistryCheckDelegate">
                <![CDATA[<RegistryKeyData Key='HKEY_LOCAL_MACHINE\SOFTWARE\Microsoft\InetStp\Components' Name='ASPNET45' KeyType='dword' Value='1' ComparisonType="Equal" FailedReturn="2" />]]>
          </LogicDelegate>
        </LogicDelegates>
    </Check>
	
	<Check Order="50">
        <Id>15EACD42-68DC-4CBC-AB7D-CC38D7D44D35</Id>
        <Components>
            <Component>PORTAL</Component>
            <Component>SELFSERVICEPORTAL</Component>
         </Components>
        <Title>Microsoft IIS-feature NetFxExtensibility 4.5 check</Title>
        <PassedDescription>Microsoft IIS-feature NetFxExtensibility 4.5 is installed</PassedDescription>
        <FailedDescription>Microsoft IIS-feature NetFxExtensibility 4.5 is not installed</FailedDescription>
        <Resolution>Install NetFxExtensibility 4.5 feature on IIS server role using Server Manager.</Resolution>
        <LogicDelegates>
            <LogicDelegate LogicType="and" DelegateId="IIS-NETFX45Check-Fail" DelegateNameSpace="Microsoft.SystemCenter.Essentials.SetupFramework.BuiltInDelegates,Microsoft.SystemCenter.Essentials.SetupFramework" DelegateName="RegistryCheckDelegate">
                <![CDATA[<RegistryKeyData Key='HKEY_LOCAL_MACHINE\SOFTWARE\Microsoft\InetStp\Components' Name='NetFxExtensibility45' KeyType='dword' Value='1' ComparisonType="Equal" FailedReturn="2" />]]>
          </LogicDelegate>
        </LogicDelegates>
    </Check>
	
	
	
</Prerequisites>
